Wall time,Step,Value
1554644046.504363,0,0.4930834472179413
1554647713.6740324,1,0.5610378384590149
1554649392.1915696,2,0.3967656195163727
1554651079.6627948,3,0.3532671332359314
1554652715.94137,4,0.35894277691841125
1554654328.5901115,5,0.8484954833984375
1554655935.564613,6,0.3254896402359009
1554657549.8819268,7,0.2554835081100464
1554659178.6338058,8,0.3379135727882385
1554660775.3949194,9,0.3730713725090027
1554662428.8011422,10,0.409953773021698
1554664097.080965,11,0.36220258474349976
1554665752.6258886,12,0.25065940618515015
1554667413.72663,13,0.2150401920080185
1554669040.927265,14,0.19675076007843018
1554670725.0907788,15,0.2058861255645752
1554672350.89352,16,0.18103913962841034
1554673975.8955357,17,0.21458156406879425
1554675645.6831002,18,0.20216220617294312
1554677328.7677891,19,0.229191392660141
1554678988.5998542,20,0.21766480803489685
1554680618.905498,21,0.1856839954853058
1554682230.1759293,22,0.23437118530273438
1554683887.0457318,23,0.21391300857067108
1554685559.662396,24,0.22447532415390015
1554687245.655066,25,0.21950846910476685
1554688867.5875294,26,0.21526925265789032
1554690485.789557,27,0.20687876641750336
1554692163.8772695,28,0.1907396912574768
1554693847.5013673,29,0.22508706152439117
1554695477.0488925,30,0.21419143676757812
1554697116.9400957,31,0.22209757566452026
1554698974.3142042,32,0.20560288429260254
