Wall time,Step,Value
1554096211.0695944,0,1.169887661933899
1554096843.5199585,1,0.5753485560417175
1554097516.2169862,2,0.4543236792087555
1554098149.46886,3,0.40554335713386536
1554098774.950381,4,0.3735272288322449
1554099390.09783,5,0.44363048672676086
1554100003.4414866,6,0.4361377954483032
1554100619.3731265,7,0.37748003005981445
1554101232.4336987,8,0.31170427799224854
1554101858.4839916,9,0.33071959018707275
1554102495.3703115,10,0.3828970789909363
1554103130.310575,11,0.33567818999290466
1554103763.6500707,12,0.4114592671394348
1554104392.6032026,13,0.38383808732032776
1554105027.9092453,14,0.29053744673728943
1554105654.4193075,15,0.29527613520622253
1554106295.3819444,16,0.2949683666229248
1554106904.0447738,17,0.2798965871334076
1554107513.8101425,18,0.2993064820766449
1554108130.1217146,19,0.29672399163246155
1554108736.3142598,20,0.30363231897354126
1554109353.389254,21,0.28615647554397583
1554109965.832005,22,0.3159717619419098
1554110581.473611,23,0.29779794812202454
1554111193.4659107,24,0.3002939820289612
1554111801.5764768,25,0.2993015646934509
1554112412.3907478,26,0.30129846930503845
1554113038.174588,27,0.3057357966899872
1554113671.7336066,28,0.30825158953666687
1554114312.4272919,29,0.2925741374492645
1554114951.2406032,30,0.30172836780548096
1554115589.4259338,31,0.2900170385837555
1554116224.961617,32,0.3062274158000946
1554116856.9040675,33,0.3007165789604187
1554117502.7964141,34,0.31033244729042053
1554118139.68096,35,0.30732250213623047
1554118796.125972,36,0.30595114827156067
1554119431.8387606,37,0.3006419241428375
1554120068.4425209,38,0.2995761036872864
1554120724.0286837,39,0.2935708165168762
1554121403.317107,40,0.30238309502601624
1554122077.4652152,41,0.3134413957595825
1554122733.6638806,42,0.3137822449207306
1554123345.9382722,43,0.30995285511016846
1554123958.32093,44,0.29646962881088257
1554124569.0358725,45,0.29555562138557434
1554125176.1909046,46,0.31245580315589905
1554125784.6357093,47,0.2993150055408478
1554126394.4756649,48,0.3117774426937103
1554127035.0442116,49,0.28911033272743225
