Wall time,Step,Value
1554461299.5545995,0,0.9349377155303955
1554462980.8337824,1,0.9359522461891174
1554464130.7084672,2,0.9296166300773621
1554465279.642912,3,0.9492619037628174
1554466431.3960998,4,0.9488853812217712
1554467683.6931162,5,0.9511575102806091
1554468970.1574302,6,0.9520699977874756
1554470234.5091052,7,0.9516818523406982
1554471421.5013337,8,0.9538840055465698
1554472584.5677705,9,0.9539808034896851
1554473766.4121072,10,0.9533196091651917
1554474929.5107064,11,0.9532144665718079
1554476094.388764,12,0.9540614485740662
1554477264.1818209,13,0.9552948474884033
1554478450.548278,14,0.9558764100074768
1554479629.2925122,15,0.9554964303970337
1554480796.4054503,16,0.9555941224098206
1554481961.0714438,17,0.9547305107116699
1554483117.3531427,18,0.9542631506919861
1554484292.8369658,19,0.9546499252319336
1554485466.235914,20,0.9554327726364136
1554486634.0769362,21,0.953521192073822
1554487794.370521,22,0.9543841481208801
1554488957.009228,23,0.9551739692687988
1554490122.260264,24,0.9552714228630066
1554491298.8543813,25,0.9540614485740662
1554492476.5844636,26,0.9538033604621887
1554493643.655018,27,0.9546261429786682
1554494804.541586,28,0.9546095728874207
1554495959.178445,29,0.9542227983474731
1554497109.9989643,30,0.9552545547485352
1554498286.5564759,31,0.9552714228630066
1554499461.3787544,32,0.9553754925727844
1554500627.1299593,33,0.9548277854919434
1554501773.4709535,34,0.9544080495834351
1554502917.3302417,35,0.9553924202919006
1554504064.7636409,36,0.9542871117591858
1554505239.7549152,37,0.9546261429786682
1554506419.8827474,38,0.9546261429786682
1554507596.3072484,39,0.9554561376571655
1554508747.126439,40,0.9532144665718079
1554509909.6176484,41,0.9546499252319336
1554511077.3035572,42,0.9532951712608337
1554512273.8226628,43,0.9541661739349365
1554513467.5681212,44,0.9551101326942444
1554514670.6690426,45,0.9544080495834351
1554515832.1351871,46,0.9546261429786682
1554516997.137902,47,0.9552948474884033
1554518163.3916519,48,0.9524884819984436
1554519357.046836,49,0.954811155796051
