Wall time,Step,Value
1554589770.764131,0,0.916680097579956
1554591756.3526325,1,0.9332903027534485
1554592608.9468384,2,0.9119141697883606
1554593455.1468134,3,0.9290151000022888
1554594308.5371327,4,0.9363416433334351
1554595163.0582976,5,0.9395821690559387
1554596035.583648,6,0.9443413615226746
1554596916.7196877,7,0.9504718780517578
1554597795.5295236,8,0.9513295888900757
1554598663.6874833,9,0.9459546804428101
1554599538.3591082,10,0.9528111815452576
1554600404.7081199,11,0.9454706907272339
1554601230.0028734,12,0.9404694437980652
1554602111.6718354,13,0.9503626227378845
1554602971.049637,14,0.9508752226829529
1554603829.12873,15,0.9506332278251648
1554604704.3012252,16,0.9544244408607483
1554605578.2045875,17,0.9521353840827942
1554606449.9707007,18,0.9516818523406982
1554607325.1217468,19,0.9512785077095032
1554608208.3058653,20,0.9518432021141052
1554609067.3300607,21,0.9534246325492859
1554609923.300919,22,0.9532951712608337
1554610789.1325514,23,0.9518432021141052
1554611649.8383663,24,0.9532144665718079
1554612523.936346,25,0.954021155834198
1554613396.33527,26,0.9514907598495483
1554614268.4782283,27,0.9524078369140625
1554615147.810153,28,0.9539404511451721
1554616006.4598172,29,0.9546664357185364
1554616889.63997,30,0.9535052180290222
1554617755.3851852,31,0.9535371661186218
1554618615.632231,32,0.9528111815452576
1554619513.681082,33,0.9524078369140625
1554620392.484138,34,0.9521353840827942
1554621258.5462086,35,0.9531338214874268
1554622127.844788,36,0.9542631506919861
1554622984.0892928,37,0.9524078369140625
1554623846.9897575,38,0.9533758163452148
1554624716.9739683,39,0.9535052180290222
1554625568.572418,40,0.9533758163452148
1554626405.8696353,41,0.9531338214874268
1554627242.9061167,42,0.9519238471984863
1554628082.8062208,43,0.9544721841812134
1554628923.0132473,44,0.9520851969718933
1554629786.3253334,45,0.9514398574829102
1554630648.198749,46,0.9523271918296814
1554631509.9519813,47,0.952538251876831
1554632373.746395,48,0.9532951712608337
1554633237.5269067,49,0.9541018009185791
