Wall time,Step,Value
1554214188.3562572,0,0.9286521077156067
1554215422.8764443,1,0.9575926065444946
1554216508.2451577,2,0.9553924202919006
1554217533.5025094,3,0.959102988243103
1554218616.953412,4,0.9625105857849121
1554219724.4686308,5,0.9599096775054932
1554220841.0256653,6,0.9596081972122192
1554221960.1698346,7,0.9592239856719971
1554222973.2361665,8,0.9598903656005859
1554223972.6672628,9,0.9605146646499634
1554225002.8239467,10,0.9613012671470642
1554226034.9803715,11,0.9628135561943054
1554227109.8179054,12,0.9621477723121643
1554228142.5218534,13,0.9631765484809875
1554229183.8891783,14,0.9628733992576599
1554230210.9514165,15,0.9635798931121826
1554231279.0701995,16,0.9631765484809875
1554232344.194735,17,0.9629943370819092
1554233429.1109035,18,0.9643462300300598
1554234475.8340132,19,0.962429940700531
1554235508.104892,20,0.9630959033966064
1554236541.567752,21,0.9631958603858948
1554237685.6461835,22,0.9634992480278015
1554238711.426977,23,0.9633570909500122
1554239829.609233,24,0.9636605381965637
1554240871.83922,25,0.962429940700531
1554241906.2937994,26,0.9627732634544373
1554242938.7563798,27,0.9640424251556396
1554244028.7354138,28,0.9627732634544373
1554245130.9683032,29,0.9633782505989075
1554246240.5327866,30,0.9635586738586426
1554247337.4959888,31,0.9634185433387756
1554248452.7756124,32,0.9636393189430237
1554249467.5548584,33,0.9637008905410767
1554250493.5000372,34,0.9626315236091614
1554251514.4306512,35,0.9629749059677124
1554252602.2740035,36,0.964123010635376
1554253716.9032362,37,0.9622892737388611
1554254808.3390942,38,0.9630749225616455
1554255887.14203,39,0.9632169008255005
1554256911.8346894,40,0.962429940700531
1554257948.953263,41,0.9630959033966064
1554258978.8726282,42,0.9630959033966064
1554260104.0724137,43,0.9630749225616455
1554261199.2061026,44,0.9637815356254578
1554262245.7251525,45,0.9632362127304077
1554263277.8882601,46,0.9636202454566956
1554264295.4516592,47,0.9631958603858948
1554265319.0683615,48,0.9622892737388611
1554266465.54861,49,0.9629943370819092
