Wall time,Step,Value
1554140910.1981177,0,0.9495846033096313
1554141595.7630692,1,0.9436153769493103
1554142284.029739,2,0.9496374130249023
1554142976.2978323,3,0.9541824460029602
1554143663.8786407,4,0.9549084305763245
1554144376.5848348,5,0.9493426084518433
1554145097.3334665,6,0.9526188373565674
1554145805.1315107,7,0.950794517993927
1554146517.9544883,8,0.954021155834198
1554147220.3034012,9,0.9553924202919006
1554147884.876466,10,0.9553585648536682
1554148543.7892663,11,0.9545857906341553
1554149200.193044,12,0.9542631506919861
1554149859.627316,13,0.9525691866874695
1554150516.6866574,14,0.9559571146965027
1554151170.403697,15,0.9575342535972595
1554151864.512512,16,0.9555537700653076
1554152536.9993393,17,0.9537791609764099
1554153206.2814076,18,0.953859806060791
1554153867.594962,19,0.9541499018669128
1554154536.0169156,20,0.9549084305763245
1554155185.5566418,21,0.9566830396652222
1554155850.47977,22,0.956360399723053
1554156511.6050997,23,0.9543110132217407
1554157189.1665916,24,0.9547471404075623
1554157867.2738128,25,0.9549891352653503
1554158564.2676973,26,0.9535371661186218
1554159245.6212945,27,0.9545857906341553
1554159937.8199441,28,0.9552779793739319
1554160632.938793,29,0.9564410448074341
1554161313.8696854,30,0.9555537700653076
1554161992.057099,31,0.9535371661186218
1554162663.3089037,32,0.9535858035087585
1554163319.1311173,33,0.9549891352653503
1554163978.8181784,34,0.9532144665718079
1554164637.21497,35,0.9548277854919434
1554165290.367747,36,0.9551973938941956
1554165963.89707,37,0.9543437957763672
1554166636.703977,38,0.9541018009185791
1554167318.9564764,39,0.954021155834198
1554167991.3930378,40,0.9562797546386719
1554168662.446753,41,0.9540693163871765
1554169339.426621,42,0.9549084305763245
1554169990.886355,43,0.9547471404075623
1554170652.4124713,44,0.953456461429596
1554171309.9028976,45,0.9538275599479675
1554171970.1630783,46,0.9545857906341553
1554172625.459351,47,0.9526498317718506
1554173296.4951437,48,0.956360399723053
1554173979.4214807,49,0.9541499018669128
