Wall time,Step,Value
1554357542.6430278,0,0.9094610214233398
1554358850.970145,1,0.9357102513313293
1554359960.627741,2,0.9327206015586853
1554361050.662609,3,0.9370815753936768
1554362121.1470647,4,0.942032516002655
1554363215.7493243,5,0.9457933306694031
1554364314.557327,6,0.9303825497627258
1554365382.220994,7,0.9397838115692139
1554366508.5955524,8,0.9396138191223145
1554367676.3839164,9,0.939864456653595
1554368841.7144148,10,0.9420728087425232
1554370007.8052654,11,0.9397434592247009
1554371174.7464776,12,0.943050742149353
1554372348.6673448,13,0.9421937465667725
1554373522.7684925,14,0.943050742149353
1554374655.475216,15,0.9417099952697754
1554375792.8871267,16,0.9437363743782043
1554376962.9308972,17,0.9446930289268494
1554378109.5482802,18,0.9437363743782043
1554379258.621784,19,0.9433627724647522
1554380383.0167813,20,0.9429700970649719
1554381502.206482,21,0.9415890574455261
1554382647.4082906,22,0.9433733820915222
1554383760.2907434,23,0.9430806040763855
1554384886.5653808,24,0.9432523846626282
1554385993.8923724,25,0.9415181279182434
1554387127.4697344,26,0.9425968527793884
1554388249.1242764,27,0.942768394947052
1554389381.3459013,28,0.9417099952697754
1554390515.4360127,29,0.9417601227760315
1554391639.6459916,30,0.9437255859375
1554392816.4986708,31,0.9422441124916077
1554393990.0435822,32,0.9432821273803711
1554395166.5330687,33,0.942768394947052
1554396278.1004732,34,0.9430402517318726
1554397421.964473,35,0.9434137344360352
1554398539.3803039,36,0.9405409693717957
1554399685.1245813,37,0.9428490996360779
1554400791.9504652,38,0.9418407678604126
1554401896.3909893,39,0.9405409693717957
1554403005.5687823,40,0.9431313872337341
1554404146.8100848,41,0.9430402517318726
1554405296.4304354,42,0.9426071047782898
1554406446.9911714,43,0.9431611895561218
1554407624.2176704,44,0.9437767267227173
1554408793.504396,45,0.9437658786773682
1554409963.9895134,46,0.9430103898048401
1554411094.2895415,47,0.9413875341415405
1554412206.21474,48,0.9413971304893494
1554413338.683934,49,0.9422340393066406
