Wall time,Step,Value
1554644046.504363,0,0.880989670753479
1554647713.6745293,1,0.8659147620201111
1554649392.1920662,2,0.9082080125808716
1554651079.6627948,3,0.9197995066642761
1554652715.94137,4,0.9229323267936707
1554654328.5906076,5,0.8684210777282715
1554655935.564613,6,0.9310777187347412
1554657549.8819268,7,0.9342105388641357
1554659178.6338058,8,0.9345238208770752
1554660775.3949194,9,0.9373433589935303
1554662428.8011422,10,0.9122806787490845
1554664097.080965,11,0.9166666865348816
1554665752.6258886,12,0.943313479423523
1554667413.72663,13,0.9495614171028137
1554669040.927265,14,0.9561403393745422
1554670725.0907788,15,0.9548872113227844
1554672350.89352,16,0.9555137753486633
1554673975.8955357,17,0.9561403393745422
1554675645.6831002,18,0.958020031452179
1554677328.7682855,19,0.9558270573616028
1554678988.5998542,20,0.9533208012580872
1554680618.905994,21,0.9617794752120972
1554682230.1759293,22,0.9517543911933899
1554683887.046226,23,0.9586465954780579
1554685559.662396,24,0.9564536213874817
1554687245.6555607,25,0.9536486268043518
1554688867.5875294,26,0.954573929309845
1554690485.789557,27,0.9570801854133606
1554692163.8772695,28,0.9586465954780579
1554693847.5013673,29,0.9573934674263
1554695477.049389,30,0.958020031452179
1554697116.9405923,31,0.9539473652839661
1554698974.3142042,32,0.9614661931991577
