Wall time,Step,Value
1554277186.745904,0,0.9266335964202881
1554278465.683649,1,0.9440993666648865
1554279544.0163364,2,0.9255855083465576
1554280626.5764208,3,0.9393401741981506
1554281742.5184581,4,0.9489660263061523
1554282846.9503708,5,0.9386948347091675
1554283965.6832178,6,0.9498931765556335
1554285057.2702167,7,0.9560377597808838
1554286129.3298533,8,0.9581166505813599
1554287200.6460235,9,0.9577720165252686
1554288284.6178248,10,0.9589228630065918
1554289385.667366,11,0.9580947160720825
1554290491.0981174,12,0.9574897289276123
1554291592.464142,13,0.9588019251823425
1554292667.6779356,14,0.9575300216674805
1554293746.8762672,15,0.9575926065444946
1554294821.0779123,16,0.9572880268096924
1554295936.4416385,17,0.9580360651016235
1554297036.4645548,18,0.9587803483009338
1554298117.0683758,19,0.9584794640541077
1554299199.413416,20,0.9581753611564636
1554300273.4645772,21,0.9569476246833801
1554301381.3695168,22,0.9584173560142517
1554302497.50426,23,0.9580763578414917
1554303598.9612324,24,0.9575703740119934
1554304713.4055982,25,0.9581350088119507
1554305814.2454157,26,0.9586004018783569
1554306885.6723373,27,0.9594659805297852
1554307963.8197794,28,0.9565445184707642
1554309028.625502,29,0.9586189985275269
1554310115.5019054,30,0.9581166505813599
1554311222.2180681,31,0.9582560062408447
1554312322.6458108,32,0.9592453837394714
1554313419.346982,33,0.9579333662986755
1554314488.5395217,34,0.956907331943512
1554315556.9364426,35,0.9586997032165527
1554316623.7468204,36,0.9575523138046265
1554317733.4097805,37,0.9580140113830566
1554318848.619364,38,0.9590626955032349
1554319955.3913677,39,0.9584794640541077
1554321035.689259,40,0.9582963585853577
1554322115.434885,41,0.9582375884056091
1554323193.7904203,42,0.9587803483009338
1554324275.4363027,43,0.9572701454162598
1554325383.7310033,44,0.9568443894386292
1554326468.1673887,45,0.9589228630065918
1554327549.0677056,46,0.9587399959564209
1554328622.1827006,47,0.957794189453125
1554329704.1120968,48,0.9589416980743408
1554330821.8155632,49,0.9586004018783569
