Wall time,Step,Value
1554057120.824889,0,0.7938759326934814
1554057723.3785567,1,0.8913446664810181
1554058328.3697317,2,0.9261111617088318
1554058928.9432983,3,0.9134467840194702
1554059528.9829774,4,0.9365028142929077
1554060132.09636,5,0.8837621808052063
1554060750.3318224,6,0.912720799446106
1554061350.3576372,7,0.9353069067001343
1554061961.3755333,8,0.9373891949653625
1554062567.0669672,9,0.9468419551849365
1554063172.2324612,10,0.9258691668510437
1554063774.0322325,11,0.9460353255271912
1554064376.652452,12,0.9292570948600769
1554064994.568689,13,0.9481869339942932
1554065622.8296404,14,0.9200612902641296
1554066251.3847501,15,0.937484860420227
1554066851.5158136,16,0.9446640610694885
1554067450.9818754,17,0.9356164336204529
1554068052.0669792,18,0.9328870177268982
1554068653.226581,19,0.9394208192825317
1554069252.9777133,20,0.9399048089981079
1554069850.8619814,21,0.9294923543930054
1554070481.7566826,22,0.9353069067001343
1554071109.5195923,23,0.9339356422424316
1554071732.8823035,24,0.9461966753005981
1554072357.4463804,25,0.9330483078956604
1554072977.1888435,26,0.9512490034103394
1554073604.5948553,27,0.9490199089050293
1554074227.1307387,28,0.9478099346160889
1554074841.6015327,29,0.9415181279182434
1554075463.2475874,30,0.9423046112060547
1554076064.5030367,31,0.9436960816383362
1554076667.9809523,32,0.940146803855896
1554077271.8075068,33,0.948293924331665
1554077868.401006,34,0.9419822692871094
1554078468.8141587,35,0.9365168809890747
1554079073.5196247,36,0.9367588758468628
1554079705.038384,37,0.9439380764961243
1554080331.8513298,38,0.9343389272689819
1554080959.6395204,39,0.9450443387031555
1554081583.9710026,40,0.945551335811615
1554082208.768588,41,0.9495846033096313
1554082824.2826235,42,0.9450673460960388
1554083425.0026996,43,0.9499596953392029
1554084024.7056587,44,0.9489392638206482
1554084624.5536356,45,0.948051929473877
1554085222.3117552,46,0.9409534335136414
1554085824.842578,47,0.9311845302581787
1554086448.3907626,48,0.9382108449935913
1554087073.410973,49,0.9425667524337769
