Wall time,Step,Value
1554096211.0695944,0,0.532386839389801
1554096843.5199585,1,0.7930951118469238
1554097516.2169862,2,0.8427075147628784
1554098149.46886,3,0.8746470808982849
1554098774.950381,4,0.8861821293830872
1554099390.09783,5,0.8903766870498657
1554100003.4414866,6,0.9036260843276978
1554100619.3731265,7,0.907477617263794
1554101232.4336987,8,0.9250625371932983
1554101858.4839916,9,0.9164313673973083
1554102495.3703115,10,0.90975022315979
1554103130.310575,11,0.9227232336997986
1554103763.6500707,12,0.9065096378326416
1554104392.6032026,13,0.912962794303894
1554105027.9092453,14,0.9369202256202698
1554105654.4193075,15,0.9390813708305359
1554106295.3819444,16,0.9396628141403198
1554106904.0447738,17,0.940146803855896
1554107513.8101425,18,0.9356296062469482
1554108130.1217146,19,0.9412570595741272
1554108736.3142598,20,0.9399048089981079
1554109353.389254,21,0.9411147832870483
1554109965.832005,22,0.9406307935714722
1554110581.473611,23,0.9413376450538635
1554111193.4659107,24,0.9390981793403625
1554111801.5764768,25,0.9408727884292603
1554112412.3907478,26,0.9408727884292603
1554113038.174588,27,0.9413567781448364
1554113671.7336066,28,0.9408541321754456
1554114312.4272919,29,0.9419214129447937
1554114951.2406032,30,0.9411147832870483
1554115589.4259338,31,0.9415181279182434
1554116224.961617,32,0.9415793418884277
1554116856.9040675,33,0.9413567781448364
1554117502.7964141,34,0.9416794180870056
1554118139.6814566,35,0.9394208192825317
1554118796.1264687,36,0.940048336982727
1554119431.8387606,37,0.9423247575759888
1554120068.4425209,38,0.9424054026603699
1554120724.0291805,39,0.9440187215805054
1554121403.317107,40,0.9404694437980652
1554122077.4657118,41,0.940531849861145
1554122733.6638806,42,0.9418407678604126
1554123345.9382722,43,0.9407114386558533
1554123958.321426,44,0.9420827627182007
1554124569.0358725,45,0.9410958886146545
1554125176.1909046,46,0.9406307935714722
1554125784.6357093,47,0.9414374232292175
1554126394.4756649,48,0.9411147832870483
1554127035.0442116,49,0.9418210983276367
