Wall time,Step,Value
1554532203.3895605,0,0.9415019750595093
1554533037.1785173,1,0.9376582503318787
1554533677.6764278,2,0.9292721748352051
1554534315.8227482,3,0.9443477988243103
1554534955.8423946,4,0.9444620013237
1554535610.0527422,5,0.9560126662254333
1554536271.997027,6,0.9549407362937927
1554536916.4640796,7,0.9547468423843384
1554537559.5897074,8,0.9550632834434509
1554538202.9894783,9,0.9568379521369934
1554538846.1642752,10,0.9566455483436584
1554539501.9409108,11,0.9566455483436584
1554540161.3381608,12,0.9596837759017944
1554540822.3252199,13,0.9563291072845459
1554541460.3404298,14,0.9585443139076233
1554542110.0663953,15,0.9577865600585938
1554542765.125151,16,0.9574366807937622
1554543402.3060048,17,0.9550632834434509
1554544038.8516593,18,0.9558544158935547
1554544676.3950608,19,0.9585770964622498
1554545314.4405675,20,0.9590190052986145
1554545953.3462481,21,0.9574366807937622
1554546602.6573007,22,0.95652174949646
1554547262.3586087,23,0.9575949311256409
1554547926.1002514,24,0.9582278728485107
1554548584.8859942,25,0.9579446911811829
1554549244.3448708,26,0.9591771960258484
1554549904.2886643,27,0.9571202397346497
1554550563.3245666,28,0.9573122262954712
1554551199.131218,29,0.9569620490074158
1554551835.161856,30,0.9575949311256409
1554552470.9337473,31,0.9571541547775269
1554553107.242502,32,0.9556962251663208
1554553743.9525445,33,0.9553797245025635
1554554388.879274,34,0.9572784900665283
1554555047.4952068,35,0.9560474157333374
1554555710.4816053,36,0.9558544158935547
1554556374.803958,37,0.9585443139076233
1554557033.247522,38,0.9563636183738708
1554557671.613356,39,0.9588607549667358
1554558319.6737974,40,0.9575949311256409
1554558957.2221642,41,0.9576284289360046
1554559594.427852,42,0.9571202397346497
1554560231.3017843,43,0.954905092716217
1554560868.6698709,44,0.9582608938217163
1554561510.113467,45,0.9566455483436584
1554562164.3710551,46,0.9602848291397095
1554562801.3557365,47,0.9592095017433167
1554563437.602909,48,0.9598101377487183
1554564072.9501715,49,0.9569620490074158
